H,Database
NA,BAAD
NA,BAAD
NA,BAAD
NA,BAAD
NA,BAAD
12.39555556,BAAD
NA,BAAD
0.345176471,BAAD
5.95,BAAD
0.275868852,BAAD
0.184083333,BAAD
0.395733333,BAAD
0.1731875,BAAD
0.5655,BAAD
0.348403846,BAAD
0.414210526,BAAD
0.275217391,BAAD
0.141944444,BAAD
0.482058824,BAAD
0.251381429,BAAD
0.186567568,BAAD
0.1631875,BAAD
0.1696,BAAD
0.1781,BAAD
0.167214286,BAAD
0.1204375,BAAD
0.1513125,BAAD
NA,BAAD
NA,BAAD
NA,BAAD
NA,BAAD
NA,BAAD
NA,BAAD
NA,BAAD
NA,BAAD
NA,BAAD
NA,BAAD
NA,BAAD
NA,BAAD
NA,BAAD
NA,BAAD
NA,BAAD
NA,BAAD
NA,BAAD
NA,BAAD
NA,BAAD
NA,BAAD
0.226818676,BAAD
0.143565217,BAAD
NA,BAAD
0.172347826,BAAD
0.143277778,BAAD
76.62727273,BAAD
NA,BAAD
NA,BAAD
NA,BAAD
NA,BAAD
13.67777778,BAAD
15.87515625,BAAD
13.50857143,BAAD
15.0659375,BAAD
18.01041667,BAAD
23.46685714,BAAD
18.55,BAAD
18.43921569,BAAD
17.13333333,BAAD
14.8,BAAD
13.916,BAAD
24.8834697,BAAD
21.32933333,BAAD
21.01,BAAD
16.55,BAAD
23.7830566,BAAD
24.05138889,BAAD
0.816708333,BAAD
NA,BAAD
NA,BAAD
NA,BAAD
0.997314286,BAAD
0.467875,BAAD
0.5620625,BAAD
0.4536,BAAD
0.808958333,BAAD
0.528,BAAD
1.276823529,BAAD
0.363785714,BAAD
0.444933333,BAAD
0.827742857,BAAD
0.899296296,BAAD
0.693642857,BAAD
0.277875,BAAD
0.631611111,BAAD
NA,BAAD
NA,BAAD
14.67,BAAD
12.62333333,BAAD
10.79444444,BAAD
10.92,BAAD
14.671875,BAAD
15.96666667,BAAD
12.73300926,BAAD
22.3,BAAD
19.62777778,BAAD
5.728571429,BAAD
13.43764706,BAAD
16.559375,BAAD
16.30625,BAAD
3.5,BAAD
3.5,BAAD
3.166666667,BAAD
4.5,BAAD
5.0625,BAAD
2.681818182,BAAD
2.666666667,BAAD
3.5,BAAD
3,BAAD
3.266666667,BAAD
5.125,BAAD
3.477777778,BAAD
3.966666667,BAAD
4.7,BAAD
4.216666667,BAAD
3.5,BAAD
4.75,BAAD
4.15,BAAD
NA,BAAD
NA,BAAD
NA,BAAD
NA,BAAD
NA,BAAD
NA,BAAD
NA,BAAD
NA,BAAD
NA,BAAD
NA,BAAD
NA,BAAD
NA,BAAD
NA,BAAD
NA,BAAD
NA,BAAD
NA,BAAD
NA,BAAD
NA,BAAD
NA,BAAD
NA,BAAD
NA,BAAD
NA,BAAD
NA,BAAD
NA,BAAD
NA,BAAD
NA,BAAD
NA,BAAD
NA,BAAD
NA,BAAD
NA,BAAD
NA,BAAD
NA,BAAD
NA,BAAD
NA,BAAD
NA,BAAD
NA,BAAD
NA,BAAD
NA,BAAD
NA,BAAD
NA,BAAD
NA,BAAD
NA,BAAD
NA,BAAD
NA,BAAD
NA,BAAD
NA,BAAD
NA,BAAD
NA,BAAD
NA,BAAD
NA,BAAD
NA,BAAD
NA,BAAD
NA,BAAD
NA,BAAD
NA,BAAD
NA,BAAD
NA,BAAD
NA,BAAD
NA,BAAD
NA,BAAD
NA,BAAD
6.9,BAAD
7.559,BAAD
9.0935,BAAD
9.366666667,BAAD
10.325,BAAD
9.745454545,BAAD
8.735555556,BAAD
5.907692308,BAAD
11.275,BAAD
11.8125,BAAD
9.3125,BAAD
10.60769231,BAAD
6.7875,BAAD
NA,BAAD
NA,BAAD
NA,BAAD
NA,BAAD
NA,BAAD
1.586891892,BAAD
0.401981132,BAAD
0.183072464,BAAD
0.184576271,BAAD
0.148722222,BAAD
0.5603,BAAD
1.023064516,BAAD
0.309504274,BAAD
0.950473373,BAAD
0.249090909,BAAD
0.240173077,BAAD
2.250952381,BAAD
1.801267606,BAAD
0.141761062,BAAD
3.168403846,BAAD
0.294482456,BAAD
0.673396226,BAAD
1.29765625,BAAD
0.428584906,BAAD
0.303398058,BAAD
0.219444444,BAAD
0.149613445,BAAD
3.253137255,BAAD
1.801428571,BAAD
10.21111111,BAAD
16.84710526,BAAD
13.10092593,BAAD
12.16046512,BAAD
22.24444444,BAAD
11.38913043,BAAD
9.96,BAAD
12.9027027,BAAD
13.27462687,BAAD
13.6,BAAD
1.692,BAAD
1.506666667,BAAD
1.386666667,BAAD
1.358181818,BAAD
1.601,BAAD
1.22,BAAD
1.451,BAAD
2.108571429,BAAD
1.601818182,BAAD
9.325,BAAD
17,BAAD
26.88,BAAD
15.4,BAAD
16.41075269,BAAD
3.66809434,BAAD
25,BAAD
1.8,BAAD
35,BAAD
4.1,BAAD
30,BAAD
25,BAAD
2.8,BAAD
5.612285714,BAAD
9.15,BAAD
35,BAAD
20,BAAD
15.5,BAAD
6,BAAD
9,BAAD
3.5,BAAD
3.5,BAAD
1.5,BAAD
1.8,BAAD
25,BAAD
15,BAAD
13,BAAD
30,BAAD
25,BAAD
30,BAAD
12,BAAD
40,BAAD
10,BAAD
7.651263045,BAAD
3.48,BAAD
3.2,BAAD
4.5,BAAD
3.63,BAAD
3.836666667,BAAD
6.15,BAAD
6.04,BAAD
0.325,BAAD
13.57,BAAD
16.2,BAAD
9.05,BAAD
11.69,BAAD
2.605,BAAD
2.073285714,BAAD
0.8001,BAAD
0.703,BAAD
0.525625,BAAD
0.637222222,BAAD
0.355,BAAD
0.722105263,BAAD
0.590588235,BAAD
0.603684211,BAAD
0.632222222,BAAD
0.797058824,BAAD
0.690526316,BAAD
0.708888889,BAAD
0.591,BAAD
0.793571429,BAAD
0.72,BAAD
0.647272727,BAAD
0.657857143,BAAD
0.644166667,BAAD
0.777692308,BAAD
0.691578947,BAAD
0.814,BAAD
0.696666667,BAAD
0.8375,BAAD
0.669166667,BAAD
0.80875,BAAD
0.728666667,BAAD
0.468,BAAD
0.618125,BAAD
0.682857143,BAAD
0.848,BAAD
0.584848485,BAAD
0.811333333,BAAD
NA,BAAD
8.72275,BAAD
1.148,BAAD
1.191,BAAD
0.919,BAAD
2.873333333,BAAD
0.31,BAAD
1.883333333,BAAD
7.3,BAAD
4.8,BAAD
5.65,BAAD
7.3,BAAD
NA,BAAD
2.410588235,BAAD
8.441666667,BAAD
4.956923077,BAAD
3.26,BAAD
8.1375,BAAD
6.356,BAAD
0.536666667,BAAD
1.4,BAAD
11.11589583,BAAD
11.9242,BAAD
13.205475,BAAD
13.76679091,BAAD
16.64153846,BAAD
12.17163889,BAAD
13.04277778,BAAD
8.593684615,BAAD
10.2428,BAAD
17.39857143,BAAD
12.62,BAAD
16.58615385,BAAD
14.14785714,BAAD
12.43238889,BAAD
12.92875,BAAD
9.238615385,BAAD
13.15468889,BAAD
17.9,BAAD
27.61444444,BAAD
19.03166667,BAAD
16.97436111,BAAD
13.57686667,BAAD
NA,BAAD
NA,BAAD
NA,BAAD
NA,BAAD
NA,BAAD
NA,BAAD
NA,BAAD
NA,BAAD
NA,BAAD
20.98571429,BAAD
17.98571429,BAAD
17.87142857,BAAD
12.96,BAAD
7.716666667,BAAD
1.411105263,BAAD
1.3643125,BAAD
1.477923077,BAAD
1.394454545,BAAD
1.3405625,BAAD
1.19075,BAAD
1.505272727,BAAD
0.189502782,BAAD
0.227803256,BAAD
0.255353942,BAAD
0.165513186,BAAD
0.184477202,BAAD
0.251471308,BAAD
0.248980783,BAAD
0.06315927,BAAD
0.260796889,BAAD
0.139496971,BAAD
0.167099292,BAAD
0.258969746,BAAD
0.38497983,BAAD
0.305786823,BAAD
0.217908738,BAAD
1.307333333,BAAD
1.390454545,BAAD
13.25,BAAD
11.02777778,BAAD
9.3,BAAD
7.466666667,BAAD
8.54875,BAAD
9.7,BAAD
3.255882353,BAAD
6.9375,BAAD
9.785714286,BAAD
4.5,BAAD
7.0875,BAAD
9.422727273,BAAD
5.975,BAAD
4.528571429,BAAD
6.660714286,BAAD
9.416666667,BAAD
4.214285714,BAAD
9.905,BAAD
5.933333333,BAAD
5.775,BAAD
6.65,BAAD
11.05,BAAD
4.042857143,BAAD
7.435714286,BAAD
10.40416667,BAAD
6.946153846,BAAD
1.71,BAAD
1.846,BAAD
2.788,BAAD
2.778,BAAD
2.482,BAAD
2.7356,BAAD
1.316,BAAD
7.3435,BAAD
10.13605263,BAAD
22.15894737,BAAD
12.26382353,BAAD
12.63641026,BAAD
17.9837931,BAAD
2.7448,BAAD
3.53125,BAAD
12.30375,BAAD
7.397142857,BAAD
12.97192308,BAAD
9.998837209,BAAD
4.643870968,BAAD
12.21261905,BAAD
NA,BAAD
0.085044444,BAAD
NA,BAAD
NA,BAAD
NA,BAAD
NA,BAAD
NA,BAAD
NA,BAAD
6.854666667,BAAD
9.2,BAAD
12.33333333,BAAD
8.75,BAAD
10.2,BAAD
8.35,BAAD
8.7,BAAD
4.7,BAAD
7.62,BAAD
10.46,BAAD
7.755555556,BAAD
2.2325,BAAD
2.824571429,BAAD
0.696666667,BAAD
0.95,BAAD
0.933333333,BAAD
0.7625,BAAD
0.864285714,BAAD
1.215,BAAD
0.749375,BAAD
0.978571429,BAAD
1.0025,BAAD
0.12,BAAD
0.18,BAAD
0.1475,BAAD
0.215,BAAD
0.215,BAAD
0.133333333,BAAD
0.166428571,BAAD
0.132,BAAD
0.113333333,BAAD
0.19,BAAD
0.139,BAAD
0.112,BAAD
0.145,BAAD
0.085,BAAD
0.159,BAAD
0.16,BAAD
0.15125,BAAD
0.2175,BAAD
0.2275,BAAD
10,BAAD
5.5,BAAD
NA,BAAD
16,BAAD
3,BAAD
NA,BAAD
NA,BAAD
21,BAAD
7.972222222,BAAD
5.85,BAAD
14.72846154,BAAD
6.25,BAAD
2.45,BAAD
6.04,BAAD
15.9,BAAD
6.41,BAAD
3.7,BAAD
9.7,BAAD
18.94285714,BAAD
5.8,BAAD
11.999,BAAD
13.05,BAAD
5.7,BAAD
7,BAAD
7.55,BAAD
5.871052632,BAAD
9.3,BAAD
4.1,BAAD
5,BAAD
3.014285714,BAAD
2,BAAD
10,BAAD
8.440740741,BAAD
5.95546875,BAAD
5.97,BAAD
9.433333333,BAAD
16.4760274,BAAD
NA,BAAD
13.32555556,BAAD
11.50111111,BAAD
13.79571429,BAAD
9.955555556,BAAD
19.5,BAAD
7.925,BAAD
8.28125,BAAD
4.34,BAAD
3.55,BAAD
6.597307692,BAAD
2.95,BAAD
8.6,BAAD
6.1,BAAD
7.403333333,BAAD
1.2,BAAD
17.025,BAAD
6.036857143,BAAD
3.15,BAAD
10.09,BAAD
8.21,BAAD
5.435,BAAD
5.496,BAAD
8.135,BAAD
4.056666667,BAAD
6.483333333,BAAD
5.360833333,BAAD
5.8,BAAD
6.62,BAAD
8.09,BAAD
4.026666667,BAAD
11.35,BAAD
7.606666667,BAAD
9.718571429,BAAD
3.82,BAAD
3.586666667,BAAD
4.976666667,BAAD
9.95,BAAD
14.81,BAAD
11.44,BAAD
17.3,BAAD
14.125,BAAD
2.733076923,BAAD
2.733333333,BAAD
0.54,BAAD
7.413333333,BAAD
2.8,BAAD
2.26,BAAD
1,BAAD
6.916666667,BAAD
3.05,BAAD
2.74,BAAD
1.21,BAAD
8.05,BAAD
6.6,BAAD
2.471428571,BAAD
3.25,BAAD
2.9125,BAAD
1.755,BAAD
9.493333333,BAAD
14.55833333,BAAD
10.265,BAAD
10.525,BAAD
12.325,BAAD
6.222,BAAD
20.66909091,BAAD
21.867,BAAD
22.86,BAAD
6.7975,BAAD
28.472,BAAD
16.505,BAAD
19.385,BAAD
20.636,BAAD
20.106,BAAD
21.10555556,BAAD
8.360714286,BAAD
11.709,BAAD
10.525,BAAD
6.4125,BAAD
4.78,BAAD
1.669832402,BAAD
18.22,BAAD
3.333833333,BAAD
7.183333333,BAAD
2.912727273,BAAD
3.48,BAAD
4.57625,BAAD
13.694,BAAD
14.80625,BAAD
2.495,BAAD
6.02,BAAD
8.54,BAAD
3.65,BAAD
3.145,BAAD
12.055,BAAD
7.06,BAAD
6.561,BAAD
21.218125,BAAD
10.4,BAAD
20.68,BAAD
17.3,BAAD
6.306666667,BAAD
7.495,BAAD
10.01666667,BAAD
10.9,BAAD
7.7,BAAD
6.8,BAAD
6.373333333,BAAD
21.43,BAAD
3.145,BAAD
13.45333333,BAAD
20.25,BAAD
13.175,BAAD
7.703333333,BAAD
7.425384615,BAAD
13.68,BAAD
14.11,BAAD
1.7475,BAAD
1.34575,BAAD
3.62,BAAD
2.605,BAAD
8.003333333,BAAD
14.24666667,BAAD
17.24,BAAD
17.3625,BAAD
8.24,BAAD
32.88571429,BAAD
1.366666667,BAAD
1.3575,BAAD
1.476666667,BAAD
19.60227273,BAAD
1.330357143,BAAD
0.860909091,BAAD
1.093333333,BAAD
9.638461538,BAAD
12.164,BAAD
15.28,BAAD
1.128333333,BAAD
6.594871795,BAAD
4.8,BAAD
12.43333333,BAAD
6,BAAD
NA,BAAD
4.87,BAAD
2.72,BAAD
4.7475,BAAD
3.41,BAAD
5.1375,BAAD
3.82,BAAD
3.1,BAAD
3.67,BAAD
5.24,BAAD
2.07,BAAD
2.55,BAAD
1.83,BAAD
7.295,BAAD
4.0625,BAAD
1.8,BAAD
13.829375,BAAD
7.265306122,BAAD
NA,BAAD
NA,BAAD
NA,BAAD
NA,BAAD
NA,BAAD
NA,BAAD
NA,BAAD
NA,BAAD
NA,BAAD
NA,BAAD
NA,BAAD
NA,BAAD
NA,BAAD
4.434166667,BAAD
4.333333333,BAAD
14.66,BAAD
15.5,BAAD
14.38,BAAD
10.96666667,BAAD
2.8,BAAD
18.7,BAAD
20.01428571,BAAD
11.4,BAAD
9.614285714,BAAD
17.54,BAAD
14.16,BAAD
16.5375,BAAD
8.64875,BAAD
11.94909091,BAAD
16.45416667,BAAD
8.3,BAAD
11.9,BAAD
7.75,BAAD
13.18,BAAD
11,BAAD
12.26,BAAD
16.7,BAAD
13,BAAD
8.95,BAAD
10.08571429,BAAD
20.6,BAAD
7.8,BAAD
15.8,BAAD
21.5,BAAD
12.6125,BAAD
19.725,BAAD
9.8,BAAD
15.6,BAAD
6.5,BAAD
18.4,BAAD
4.7,BAAD
9.166666667,BAAD
8.45,BAAD
9.8,BAAD
17.1,BAAD
12.9,BAAD
8.9,BAAD
2,BAAD
13.32125,BAAD
5.971276596,BAAD
0.329375,BAAD
0.4,BAAD
0.323076923,BAAD
0.365555556,BAAD
0.270833333,BAAD
17.08095238,BAAD
7.665789474,BAAD
9.413333333,BAAD
12.76,BAAD
17.2,BAAD
16.06,BAAD
9.05,BAAD
6.944666667,BAAD
9.3,BAAD
7.635,BAAD
21.65454545,BAAD
16.792,BAAD
19.25555556,BAAD
78.71904762,BAAD
10.81363636,BAAD
7.053,BAAD
10.81363636,BAAD
7.053,BAAD
5.563333333,BAAD
4.285890909,BAAD
14.51428571,BAAD
12.11428571,BAAD
14.4,BAAD
7.525,BAAD
14.5,BAAD
16,BAAD
9.5,BAAD
16.5,BAAD
14.9,BAAD
4,BAAD
14.375,BAAD
6.62,BAAD
3.39504,BAAD
0.391461538,BAAD
14.626,BAAD
43.66916667,BAAD
21.475,BAAD
16.56875,BAAD
15.983,BAAD
21.78666667,BAAD
15.24,BAAD
15.00909091,BAAD
33.28333333,BAAD
23.03666667,BAAD
NA,BAAD
NA,BAAD
NA,BAAD
NA,BAAD
NA,BAAD
0.100848101,BAAD
NA,BAAD
7.442580645,BAAD
8.086521739,BAAD
8.017272727,BAAD
9.044693878,BAAD
NA,BAAD
NA,BAAD
NA,BAAD
9.759166667,BAAD
6.666363636,BAAD
8.896666667,BAAD
NA,BAAD
2.915,BAAD
NA,BAAD
NA,BAAD
NA,BAAD
NA,BAAD
0.63775,BAAD
NA,BAAD
NA,BAAD
NA,BAAD
6.273333333,BAAD
NA,BAAD
NA,BAAD
14.63857143,BAAD
9.059333333,BAAD
1.72765,BAAD
18.2625,BAAD
4.16072,BAAD
NA,BAAD
NA,BAAD
NA,BAAD
8.67,BAAD
6.233333333,BAAD
11.44133333,BAAD
3.3,BAAD
12.24444444,BAAD
2.685,BAAD
7.667692308,BAAD
18.06,BAAD
2.85,BAAD
NA,BAAD
19.275,BAAD
NA,BAAD
0.251254545,BAAD
13.37666667,BAAD
8.865384615,BAAD
NA,BAAD
NA,BAAD
16.75291005,BAAD
7.095066667,BAAD
7.443216,BAAD
4.453466667,BAAD
4.484145882,BAAD
3.983355,BAAD
3.98526,BAAD
11.78898667,BAAD
10.71499,BAAD
9.2964,BAAD
4.65582,BAAD
1.506980392,BAAD
1.282691176,BAAD
1.867954545,BAAD
17.46625,BAAD
29.61052584,BAAD
25.64090901,BAAD
23.99478217,BAAD
23.05916667,BAAD
2.83744186,BAAD
2.809,BAAD
3.157111111,BAAD
1.890028902,BAAD
1.804069767,BAAD
10.98666667,BAAD
9.214459459,BAAD
7.728057554,BAAD
9.93,BAAD
1.500454545,BAAD
4.826766667,BAAD
2.670766667,BAAD
2.4755,BAAD
1.49,BAAD
2.861666667,BAAD
11.24052632,BAAD
4.896190476,BAAD
2.543636364,BAAD
1.095833333,BAAD
NA,BAAD
14.29833333,BAAD
3.575,BAAD
1.4975,BAAD
1.668947368,BAAD
1.186,BAAD
0.591458333,BAAD
1.572105263,BAAD
1.292105263,BAAD
1.125238095,BAAD
0.515652174,BAAD
1.410833333,BAAD
5.215,BAAD
1.590666667,BAAD
2.766363636,BAAD
5.931,BAAD
2.126458333,BAAD
NA,BAAD
10.415,BAAD
10.41,BAAD
0.429444444,BAAD
1.624,BAAD
0.1446,BAAD
0.388894737,BAAD
NA,BAAD
0.723,BAAD
0.1241,BAAD
0.29645,BAAD
0.501074074,BAAD
NA,BAAD
NA,BAAD
0.321615385,BAAD
10.06890625,BAAD
19.965,BAAD
2.96,BAAD
30.65833333,BAAD
22.02105263,BAAD
15.40083333,BAAD
9.53962963,BAAD
27.03333333,BAAD
10.16416667,BAAD
12.13,BAAD
15.86071429,BAAD
15.90611111,BAAD
13.57259615,ICP
14.68333333,ICP
13.08888889,ICP
19.828,ICP
18.12142857,ICP
16.53636364,ICP
22.02,ICP
18.04326241,ICP
13.36728395,ICP
18.8021978,ICP
19.91428571,ICP
20.85,ICP
11.35365854,ICP
16.79166667,ICP
6.65,ICP
7.893975904,ICP
6.65,ICP
7.533333333,ICP
NA,ICP
9.577764706,ICP
NA,ICP
16.98810573,ICP
NA,ICP
7.213605442,ICP
6.375,ICP
6,ICP
13.40540839,ICP
4.306504065,ICP
5.751724138,ICP
NA,ICP
6.734110169,ICP
NA,ICP
NA,ICP
27.76026786,ICP
NA,ICP
NA,ICP
22.80443213,ICP
3,ICP
2.46,ICP
19.6952381,ICP
9.833333333,ICP
NA,ICP
8.65,ICP
NA,ICP
NA,ICP
NA,ICP
9.680529101,ICP
7.604635762,ICP
10.97205624,ICP
12.3125,ICP
NA,ICP
NA,ICP
7.5,ICP
11.96803653,ICP
6.666666667,ICP
4.5,ICP
14.50347395,ICP
NA,ICP
24.86916667,ICP
6.04551495,ICP
NA,ICP
NA,ICP
8.108333333,ICP
5.5,ICP
16.37455621,ICP
5.876447876,ICP
14.4857671,ICP
9.621463415,ICP
5.858304297,ICP
6.796753247,ICP
8.325,ICP
12.35,ICP
11.72403101,ICP
NA,ICP
NA,ICP
NA,ICP
18.22119205,ICP
20.02,ICP
NA,ICP
28.57747036,ICP
7.633333333,ICP
15.13315436,ICP
8.226998689,ICP
NA,ICP
NA,ICP
9.01954023,ICP
4.185606061,ICP
15.66426593,ICP
6.776068376,ICP
15.946,ICP
12.14524752,ICP
14.78348387,ICP
26.01556291,ICP
14.42645503,ICP
23.14929078,ICP
NA,ICP
8.676470588,ICP
NA,ICP
NA,ICP
NA,ICP
24.475,ICP
26.15,ICP
19.03333333,ICP
26.92585366,ICP
NA,ICP
NA,ICP
9.054807692,ICP
NA,ICP
16.14642857,ICP
17.87142857,ICP
17.48571429,ICP
15.4,ICP
NA,ICP
15.5,ICP
19.15,ICP
NA,ICP
24.34210526,ICP
12.76666667,ICP
14.525,ICP
12.175,ICP
NA,ICP
5.5,ICP
9.674603175,ICP
NA,ICP
NA,ICP
6.491666667,ICP
NA,ICP
10.12237762,ICP
NA,ICP
6.041551247,ICP
17.33859935,ICP
14.67171717,ICP
5.470052083,ICP
7,ICP
10.56125654,ICP
14.86960557,ICP
11.83333333,ICP
NA,ICP
NA,ICP
NA,ICP
24.69899329,ICP
23.06823266,ICP
13.91875,ICP
23.74358974,ICP
18.4,ICP
25,ICP
25.2,ICP
11.33333333,ICP
22.53958333,ICP
24.58157895,ICP
10.01666667,ICP
17.64509804,ICP
NA,ICP
16.46877637,ICP
NA,ICP
15.18,ICP
NA,ICP
29.67236842,ICP
9.244318182,ICP
NA,ICP
12,ICP
7.204545455,ICP
14.85042735,ICP
15.5,ICP
14.42429907,ICP
NA,ICP
8.3,ICP
NA,ICP
NA,ICP
13.42368421,ICP
NA,ICP
NA,ICP
NA,ICP
NA,ICP
15.19454545,ICP
NA,ICP
NA,ICP
9.77826087,ICP
18.03059361,ICP
8.648717949,ICP
2.7,ICP
17.32767857,ICP
15.63571429,ICP
12.08333333,ICP
14,ICP
19.13442623,ICP
20.34185185,ICP
7.3,ICP
11.25142857,ICP
NA,ICP
NA,ICP
NA,ICP
NA,ICP
38.62178571,ICP
31.14578755,ICP
24.69525547,ICP
NA,ICP
NA,ICP
NA,ICP
NA,ICP
30.45174825,ICP
NA,ICP
NA,ICP
NA,ICP
7.687681159,ICP
27.6,ICP
23.87735849,ICP
15.5,ICP
23.52820513,ICP
22.65131579,ICP
NA,ICP
NA,ICP
NA,ICP
NA,ICP
NA,ICP
NA,ICP
26.03091603,ICP
NA,ICP
18.56136364,ICP
12.4699187,ICP
NA,ICP
NA,ICP
NA,ICP
25.07252747,ICP
NA,ICP
NA,ICP
10.41,ICP
NA,ICP
NA,ICP
NA,ICP
10.16428571,ICP
NA,ICP
NA,ICP
19.29259259,ICP
12.4,ICP
NA,ICP
NA,ICP
6.9,ICP
20.38,ICP
19.57824176,ICP
12.84333333,ICP
12.68723404,ICP
12.55,ICP
16.55,ICP
28.57333333,ICP
NA,ICP
NA,ICP
9.5,ICP
NA,ICP
15.31545455,ICP
34.1,ICP
15.26818182,ICP
10.8,ICP
11.85,ICP
NA,ICP
5.25,ICP
11.29411765,ICP
NA,ICP
NA,ICP
27.09661017,ICP
NA,ICP
5.65,ICP
NA,ICP
13.5,ICP
3.2,ICP
31.06549708,ICP
5.15,ICP
5.473972603,ICP
NA,ICP
NA,ICP
NA,ICP
NA,ICP
NA,ICP
NA,ICP
NA,ICP
NA,ICP
NA,ICP
40.85173913,ICP
NA,ICP
NA,ICP
NA,ICP
NA,ICP
24.7869258,ICP
NA,ICP
NA,ICP
18.89887218,ICP
32.05365854,ICP
11,ICP
8,ICP
24.00365854,ICP
NA,ICP
24.61127273,ICP
27.25163636,ICP
23.78947368,ICP
NA,ICP
28.88235294,ICP
23,ICP
NA,ICP
NA,ICP
NA,ICP
24.8266881,ICP
NA,ICP
29.62697674,ICP
NA,ICP
NA,ICP
8.323668639,ICP
NA,ICP
18.68134328,ICP
10.4442953,ICP
17.9745098,ICP
NA,ICP
18.53695652,ICP
16.13888889,ICP
25.23043478,ICP
9.766666667,ICP
20,ICP
13.23333333,ICP
19.9175,ICP
17.37032967,ICP
8.470588235,ICP
9.5,ICP
19.94586466,ICP
18.52736842,ICP
13.51666667,ICP
6.2,ICP
17.93,ICP
19.585,ICP
28.46666667,ICP
26.25984252,ICP
27.03246753,ICP
15.56368421,ICP
NA,ICP
NA,ICP
15.8,ICP
12.84285714,ICP
9.72,ICP
NA,ICP
22.87179487,ICP
20.31626506,ICP
12.30833333,ICP
14.22105263,ICP
NA,ICP
NA,ICP
NA,ICP
27.25735294,ICP
NA,ICP
24.85,ICP
8.85,ICP
18.45,ICP
NA,ICP
NA,ICP
25.43464286,ICP
NA,ICP
NA,ICP
19.60344828,ICP
NA,ICP
23.02453532,ICP
23.16842105,ICP
NA,ICP
NA,ICP
18.69651568,ICP
10.71675532,ICP
13.27241379,ICP
12.8,ICP
NA,ICP
25.5133574,ICP
NA,ICP
18.14872727,ICP
NA,ICP
NA,ICP
NA,ICP
17.31794872,ICP
NA,ICP
NA,ICP
NA,ICP
16.85017065,ICP
10.46,ICP
NA,ICP
NA,ICP
12.28117647,ICP
NA,ICP
22.39026217,ICP
NA,ICP
NA,ICP
NA,ICP
NA,ICP
NA,ICP
28.63248175,ICP
NA,ICP
NA,ICP
29.0025,ICP
NA,ICP
26.59272727,ICP
NA,ICP
NA,ICP
22.06692607,ICP
NA,ICP
18.08863636,ICP
NA,ICP
NA,ICP
NA,ICP
NA,ICP
NA,ICP
12.3,ICP
10.78,ICP
11.36296296,ICP
8.8,ICP
7.7,ICP
14.02368421,ICP
12.43015873,ICP
2.6,ICP
23.47990654,ICP
10.325,ICP
9.629166667,ICP
19.42139037,ICP
13.95,ICP
14.7,ICP
10.06304348,ICP
10.87,ICP
9.176,ICP
12.69047619,ICP
22.12352941,ICP
23.2,ICP
19.36428571,ICP
22.7,ICP
7.4,ICP
25.57317073,ICP
6.55,ICP
23.3,ICP
14.22142857,ICP
18.53225806,ICP
10.3,ICP
NA,ICP
23.8,ICP
22.09230769,ICP
18.80714286,ICP
26.8,ICP
18.56585366,ICP
23.575,ICP
31.6,ICP
27.96350365,ICP
25.19,ICP
16.86153846,ICP
24.75102041,ICP
21.84827586,ICP
27.09375,ICP
22.60869565,ICP
30.53333333,ICP
26.65555556,ICP
39.66521739,ICP
17.57777778,ICP
45.15,ICP
39.94701493,ICP
19.08235294,ICP
27.34545455,ICP
26.94705882,ICP
5.611111111,ICP
8.9,ICP
NA,ICP
35.01219512,ICP
20.475,ICP
18.88116592,ICP
15.93333333,ICP
17.24041667,ICP
NA,ICP
NA,ICP
NA,ICP
22.38888889,ICP
25.45771144,ICP
23.60350877,ICP
18.42060302,ICP
NA,ICP
NA,ICP
29.26666667,ICP
22.39871795,ICP
18.49,ICP
20.63203883,ICP
20.32727273,ICP
20.2,ICP
NA,ICP
16.16666667,ICP
NA,ICP
27.525,ICP
19.63333333,ICP
NA,ICP
15.63684211,ICP
18.99047619,ICP
24.175,ICP
11.23333333,ICP
25.11730769,ICP
4.65,ICP
18,ICP
30.3,ICP
27.8,ICP
29.2125,ICP
NA,ICP
23.55313808,ICP
NA,ICP
NA,ICP
22.84191176,ICP
NA,ICP
NA,ICP
NA,ICP
22.16690391,ICP
NA,ICP
16.67906977,ICP
NA,ICP
NA,ICP
17.8625,ICP
NA,ICP
7.206798867,ICP
25.99333333,ICP
31.06071429,ICP
38.35,ICP
20.92222222,ICP
22.84169014,ICP
21.00645161,ICP
17.8,ICP
15.05186722,ICP
10.87222222,ICP
8.8,ICP
11.2,ICP
11.325,ICP
12.8,ICP
12.1231454,ICP
13.3,ICP
10.775,ICP
17.24727273,ICP
18.85568513,ICP
10.1,ICP
28.31111111,ICP
19.6,ICP
33.90141844,ICP
17.26285714,ICP
12.88571429,ICP
16.9,ICP
16.12594937,ICP
7.625,ICP
29.16666667,ICP
32.1011236,ICP
21.26666667,ICP
NA,ICP
14.09831933,ICP
NA,ICP
NA,ICP
NA,ICP
NA,ICP
25.20512821,ICP
NA,ICP
27.80973783,ICP
NA,ICP
NA,ICP
NA,ICP
NA,ICP
NA,ICP
NA,ICP
27.82973978,ICP
NA,ICP
NA,ICP
36.14157303,ICP
NA,ICP
NA,ICP
12.33900709,ICP
NA,ICP
NA,ICP
NA,ICP
NA,ICP
NA,ICP
NA,ICP
NA,ICP
18.70553506,ICP
NA,ICP
23.76666667,ICP
18.08403614,ICP
30.19186047,ICP
22.22744015,ICP
26.04444444,ICP
16.9,ICP
22.31639344,ICP
22.440625,ICP
3.4,ICP
12.14,ICP
25.78,ICP
21.24347826,ICP
13.43333333,ICP
4.3,ICP
19.32443182,ICP
15.225,ICP
19.82163009,ICP
34.2,ICP
24.93114754,ICP
22.8912037,ICP
31.4,ICP
11.4884058,ICP
11.73104305,ICP
12.56363636,ICP
7.966666667,ICP
24.93650794,ICP
11.83,ICP
15.70963855,ICP
11.91,ICP
24.45850144,ICP
17.07272727,ICP
10.6,ICP
32.8,ICP
30.49210526,ICP
27.46,ICP
23.6,ICP
8.904534606,ICP
32.24703704,ICP
7.132432432,ICP
9.511111111,ICP
32.25530973,ICP
27.3,ICP
23.95,ICP
24.36363636,ICP
25.31836735,ICP
29.7,ICP
26.50285714,ICP
28.86666667,ICP
12.15777778,ICP
16.375,ICP
NA,ICP
16.36910112,ICP
NA,ICP
21.95517241,ICP
26.19566929,ICP
NA,ICP
4.4,ICP
NA,ICP
10.13333333,ICP
NA,ICP
14.56666667,ICP
13.53333333,ICP
10.5837727,ICP
5.223076923,ICP
5.625,ICP
6.766666667,ICP
22.74646465,ICP
21.228125,ICP
22.7,ICP
13.57272727,ICP
NA,ICP
27.18784314,ICP
21.34810127,ICP
11.2,ICP
17.1,ICP
15.632,ICP
20.96,ICP
27.42,ICP
23.8231405,ICP
NA,ICP
NA,ICP
13.7,ICP
10.02280891,ICP
11.9875,ICP
21.63035714,ICP
NA,ICP
31.06812749,ICP
19.98,ICP
19.55625,ICP
18.25588235,ICP
18.86,ICP
31.45789474,ICP
12.45384615,ICP
9.533333333,ICP
8.372727273,ICP
9.114736842,ICP
5.95,ICP
5.3,ICP
7.8875,ICP
12.81278027,ICP
7.222222222,ICP
7.725,ICP
4.9,ICP
22.5625,ICP
22.61734694,ICP
28.77307692,ICP
12.57391304,ICP
16.91456311,ICP
13.95835544,ICP
26.53333333,ICP
20.11764706,ICP
21.63571429,ICP
35.325,ICP
28.0494186,ICP
29.2,ICP
33.075,ICP
NA,ICP
8.233333333,ICP
6.25,ICP
4.464705882,ICP
NA,ICP
5.6,ICP
3.91,ICP
7.584037559,ICP
5.691304348,ICP
6.966666667,ICP
6.027358491,ICP
24.36600791,ICP
17.65714286,ICP
24.66363636,ICP
24.88369565,ICP
5.266666667,ICP
9.310416667,ICP
14.53947368,ICP
29.96041667,ICP
22.56,ICP
25.02666667,ICP
30.48956522,ICP
29,ICP
4.4,ICP
18.66776119,ICP
23.82169811,ICP
24.91463415,ICP
22.7,ICP
16.7,ICP
14.3354067,ICP
26.54688797,ICP
NA,ICP
11.69615385,ICP
15.3519084,ICP
NA,ICP
23.8959707,ICP
NA,ICP
NA,ICP
17.72393162,ICP
6.283333333,ICP
6.744,ICP
27.43136531,ICP
NA,ICP
27.6,ICP
18.26619718,ICP
12.2,ICP
NA,ICP
NA,ICP
14.03908046,ICP
3.8,ICP
NA,ICP
NA,ICP
NA,ICP
23.92508961,ICP
NA,ICP
NA,ICP
NA,ICP
31.45306859,ICP
NA,ICP
NA,ICP
NA,ICP
23.13014184,ICP
NA,ICP
NA,ICP
NA,ICP
NA,ICP
NA,ICP
30.76356877,ICP
NA,ICP
NA,ICP
29.16404494,ICP
NA,ICP
NA,ICP
30.17727273,ICP
26.22888087,ICP
24.125,ICP
NA,ICP
25.67236842,ICP
NA,ICP
24.92062937,ICP
NA,ICP
NA,ICP
NA,ICP
NA,ICP
NA,ICP
NA,ICP
NA,ICP
NA,ICP
NA,ICP
NA,ICP
NA,ICP
11.37586207,ICP
8.992647059,ICP
9.9,ICP
10.2125,ICP
NA,ICP
7.916666667,ICP
8.791176471,ICP
6.35,ICP
20.26875,ICP
20.83007519,ICP
22.0375,ICP
28.3795,ICP
29.1,ICP
22.3,ICP
23.28957055,ICP
21.4925,ICP
18.92063492,ICP
10.14468085,ICP
18.05714286,ICP
18.78255034,ICP
10.0862069,ICP
17.30119048,ICP
NA,ICP
14.00384615,ICP
18.32368421,ICP
21.58888889,ICP
20.98672566,ICP
14.56404494,ICP
NA,ICP
27.73928571,ICP
NA,ICP
NA,ICP
29.34779116,ICP
NA,ICP
15.88528139,ICP
12.52307692,ICP
11.775,ICP
19.92882562,ICP
21.4826087,ICP
12.64539877,ICP
20.22857143,ICP
18.5,ICP
17.15,ICP
12.7,ICP
14.2,ICP
14.47142857,ICP
10.5,ICP
8.5,ICP
NA,ICP
13.47327586,ICP
NA,ICP
NA,ICP
NA,ICP
NA,ICP
21.09044118,ICP
NA,ICP
21.50652174,ICP
15.86262626,ICP
24.25555556,ICP
29.10941704,ICP
NA,ICP
25.83333333,ICP
22.775,ICP
18.95833333,ICP
5.575,ICP
8.3,ICP
21.344,ICP
7.466666667,ICP
10.0047619,ICP
9.326086957,ICP
9.085714286,ICP
16.5744186,ICP
14.17522936,ICP
10.74067797,ICP
18.16666667,ICP
32.58114286,ICP
19.75,ICP
31.275,ICP
31.19259259,ICP
27.75,ICP
29.49375,ICP
NA,ICP
13.05505618,ICP
NA,ICP
28.84094203,ICP
NA,ICP
36.18235294,ICP
5.58,ICP
39.5,ICP
37.2,ICP
13.98076923,ICP
26.71,ICP
25.8,ICP
22.575,ICP
24.50153846,ICP
14.725,ICP
12.68301887,ICP
NA,ICP
20.585,ICP
NA,ICP
29.52094862,ICP
30.4,ICP
39.63090909,ICP
37.35694444,ICP
26.5009434,ICP
19.72834646,ICP
NA,ICP
21.12819149,ICP
36.33333333,ICP
31,ICP
10.67619048,ICP
23.05,ICP
26.43333333,ICP
26.37885533,ICP
25.725,ICP
18.2380597,ICP
33.06666667,ICP
35.70073801,ICP
35,ICP
8.466666667,ICP
4.9,ICP
38.33333333,ICP
28.3,ICP
23.16118068,ICP
NA,ICP
NA,ICP
13.50333333,ICP
NA,ICP
NA,ICP
30.06444444,ICP
NA,ICP
28.17792848,ICP
27.24166667,ICP
16.75943775,ICP
20.08181818,ICP
16.25480034,ICP
16.25822785,ICP
17.19166667,ICP
23.78705584,ICP
17.45,ICP
25.25428571,ICP
15.54444444,ICP
NA,ICP
21.36610169,ICP
NA,ICP
18.23375,ICP
15.61328671,ICP
NA,ICP
NA,ICP
25.06752768,ICP
NA,ICP
NA,ICP
24.2445614,ICP
NA,ICP
NA,ICP
NA,ICP
NA,ICP
NA,ICP
27.75336134,ICP
NA,ICP
NA,ICP
NA,ICP
27.27650273,ICP
NA,ICP
NA,ICP
NA,ICP
NA,ICP
NA,ICP
NA,ICP
NA,ICP
NA,ICP
NA,ICP
21.64569288,ICP
22.59878049,ICP
NA,ICP
13.5,ICP
NA,ICP
NA,ICP
NA,ICP
NA,ICP
20.8,ICP
21.42181818,ICP
NA,ICP
NA,ICP
NA,ICP
21.85,ICP
22.0037037,ICP
NA,ICP
21.82195122,ICP
5.8,ICP
7.95,ICP
27.07734375,ICP
30.5,ICP
27,ICP
30.30964286,ICP
31.02093023,ICP
NA,ICP
14.73035714,ICP
24.35823293,ICP
NA,ICP
NA,ICP
NA,ICP
NA,ICP
NA,ICP
NA,ICP
12.69,ICP
NA,ICP
19.6198556,ICP
NA,ICP
NA,ICP
NA,ICP
NA,ICP
NA,ICP
NA,ICP
10.31333333,ICP
NA,ICP
22.18555957,ICP
NA,ICP
NA,ICP
NA,ICP
NA,ICP
11.05172414,ICP
NA,ICP
NA,ICP
20.03391608,ICP
NA,ICP
NA,ICP
NA,ICP
NA,ICP
21.58949275,ICP
NA,ICP
15.15141243,ICP
NA,ICP
8.466666667,ICP
6.2,ICP
NA,ICP
10.855,ICP
23.58461538,ICP
NA,ICP
NA,ICP
23.875,ICP
NA,ICP
7,ICP
22.16089109,ICP
6.916037736,ICP
23.09142857,ICP
28.86,ICP
23.34309211,ICP
30.17955801,ICP
17.3,ICP
NA,ICP
NA,ICP
18.80111111,ICP
NA,ICP
NA,ICP
NA,ICP
NA,ICP
25.64296875,ICP
NA,ICP
NA,ICP
33.59246862,ICP
32.7,ICP
6.4,ICP
32.22857143,ICP
31.55,ICP
28.19145729,ICP
29.56875,ICP
18.83807107,ICP
20.9,ICP
30.54791667,ICP
32.27777778,ICP
NA,ICP
NA,ICP
NA,ICP
15.16960784,ICP
NA,ICP
NA,ICP
25.3811245,ICP
28.2,ICP
NA,ICP
NA,ICP
21.57962963,ICP
NA,ICP
NA,ICP
31.0768,ICP
27.3,ICP
17.28148148,ICP
20.40925926,ICP
28.2467433,ICP
NA,ICP
NA,ICP
NA,ICP
21.03793103,ICP
NA,ICP
28.44962687,ICP
17.36938776,ICP
NA,ICP
28.2027451,ICP
18.56134454,ICP
24.54166667,ICP
27.80701754,ICP
24.49217877,ICP
13.56551724,ICP
21.54090909,ICP
NA,ICP
NA,ICP
NA,ICP
NA,ICP
27.64772727,ICP
29.70731707,ICP
NA,ICP
27.95197368,ICP
30.6662963,ICP
NA,ICP
8.55,ICP
10.98666667,ICP
NA,ICP
NA,ICP
NA,ICP
28.54701493,ICP
NA,ICP
NA,ICP
NA,ICP
NA,ICP
7.36,ICP
28.85096154,ICP
28.24038462,ICP
NA,ICP
23.02125749,ICP
25.61964286,ICP
NA,ICP
NA,ICP
NA,ICP
20.25897436,ICP
18.50035587,ICP
NA,ICP
NA,ICP
NA,ICP
NA,ICP
NA,ICP
14.63043478,ICP
22.38942308,ICP
NA,ICP
NA,ICP
13.89530201,ICP
NA,ICP
24.96533865,ICP
NA,ICP
NA,ICP
14.38679245,ICP
NA,ICP
NA,ICP
NA,ICP
27.26079137,ICP
NA,ICP
NA,ICP
NA,ICP
NA,ICP
NA,ICP
NA,ICP
NA,ICP
22.65598592,ICP
NA,ICP
NA,ICP
NA,ICP
9.082,ICP
NA,ICP
NA,ICP
NA,ICP
NA,ICP
21.71521739,ICP
NA,ICP
NA,ICP
NA,ICP
28.18398438,ICP
23.49473684,ICP
30.93030303,ICP
NA,ICP
21.00322581,ICP
9.85,ICP
32.83917526,ICP
10.25,ICP
19.69285714,ICP
16.52105263,ICP
22.3026738,ICP
NA,ICP
14.45,ICP
31.71666667,ICP
35.1,ICP
27.91538462,ICP
26.39473684,ICP
38.38333333,ICP
38.04035088,ICP
35.5,ICP
10.5,ICP
NA,ICP
21.61216216,ICP
29.95,ICP
10.35,ICP
18.38571429,ICP
15,ICP
18.23728814,ICP
27.38137931,ICP
9.2,ICP
10.35,ICP
31.044,ICP
30.7,ICP
9.666666667,ICP
6.3,ICP
32.4520202,ICP
19.46,ICP
19.55232068,ICP
23.21666667,ICP
6.72,ICP
20.31929825,ICP
15.15,ICP
19.23303965,ICP
33.49387755,ICP
NA,ICP
23.32333333,ICP
32.33703704,ICP
36.41594203,ICP
24.04353741,ICP
NA,ICP
NA,ICP
25.93440367,ICP
22.83333333,ICP
22.125,ICP
32.09220183,ICP
NA,ICP
26.17212276,ICP
NA,ICP
13.86802326,ICP
16.5,ICP
20.60857143,ICP
20.13009709,ICP
NA,ICP
21.06578947,ICP
NA,ICP
NA,ICP
NA,ICP
NA,ICP
NA,ICP
17.59885057,ICP
24.1,ICP
NA,ICP
14.63,ICP
NA,ICP
NA,ICP
14.93181818,ICP
NA,ICP
NA,ICP
25.31049383,ICP
NA,ICP
NA,ICP
NA,ICP
NA,ICP
18.10215827,ICP
28.54393939,ICP
18.74931507,ICP
NA,ICP
NA,ICP
NA,ICP
25.015625,ICP
29.80181818,ICP
NA,ICP
25.80645161,ICP
23.28034483,ICP
NA,ICP
NA,ICP
29.63372093,ICP
32.33076923,ICP
31.75384615,ICP
30.76,ICP
28.25,ICP
25.33759398,ICP
NA,ICP
NA,ICP
30.11176471,ICP
NA,ICP
29.35820896,ICP
NA,ICP
NA,ICP
27.35151515,ICP
NA,ICP
NA,ICP
NA,ICP
30.1,ICP
27.35,ICP
29.71686747,ICP
29.75185185,ICP
NA,ICP
NA,ICP
NA,ICP
21.49166667,ICP
NA,ICP
NA,ICP
NA,ICP
22.5,ICP
17.4,ICP
NA,ICP
28.44418605,ICP
19.49033816,ICP
23.76666667,ICP
13.50783505,ICP
20.61428571,ICP
18,ICP
20.42,ICP
18.575,ICP
NA,ICP
30.49583333,ICP
24.25,ICP
28.62461538,ICP
31.22679045,ICP
35.88333333,ICP
24.2,ICP
21.68,ICP
25.48,ICP
24.1,ICP
NA,ICP
28.65,ICP
25.89898649,ICP
21.03615635,ICP
16.41875,ICP
30.75228426,ICP
15.69924812,ICP
17.13050847,ICP
6.85,ICP
32.2,ICP
30.80645161,ICP
16.01454545,ICP
17.3,ICP
27.21470588,ICP
17.52631579,ICP
22.49122807,ICP
NA,ICP
23,ICP
21,ICP
NA,ICP
NA,ICP
20.75,ICP
NA,ICP
21.96153846,ICP
NA,ICP
NA,ICP
NA,ICP
NA,ICP
NA,ICP
24,ICP
NA,ICP
21.33333333,ICP
NA,ICP
23.14473684,ICP
6.733333333,ICP
8.917730496,ICP
25.4,ICP
10.9,ICP
21.79033079,ICP
4.65,ICP
NA,ICP
22,ICP
22.21428571,ICP
NA,ICP
21,ICP
NA,ICP
21.15666667,ICP
NA,ICP
NA,ICP
20.99444444,ICP
26,ICP
NA,ICP
30.72151899,ICP
NA,ICP
NA,ICP
21,ICP
23.31034483,ICP
23.28333333,ICP
NA,ICP
22.5,ICP
NA,ICP
30.12808989,ICP
NA,ICP
20.34375,ICP
20.56,ICP
23.6,ICP
NA,ICP
20.56666667,ICP
NA,ICP
18,ICP
NA,ICP
NA,ICP
NA,ICP
20.66666667,ICP
22.5,ICP
NA,ICP
NA,ICP
20.5,ICP
19.83146067,ICP
NA,ICP
16.5,ICP
17.75,ICP
NA,ICP
NA,ICP
NA,ICP
19.19230769,ICP
NA,ICP
NA,ICP
NA,ICP
NA,ICP
23.5,ICP
NA,ICP
NA,ICP
NA,ICP
18.5,ICP
25.64814815,ICP
NA,ICP
NA,ICP
18.5,ICP
NA,ICP
23.72413793,ICP
19.84756098,ICP
8.8,ICP
7.023076923,ICP
24.60952381,ICP
2.7,ICP
21.5,ICP
23.66666667,ICP
24.90679245,ICP
20.25,ICP
NA,ICP
29.53023256,ICP
17.856,ICP
17.77869822,ICP
27.89353448,ICP
NA,ICP
NA,ICP
NA,ICP
21.11059908,ICP
8.1,ICP
22.16244131,ICP
20.87333333,ICP
22.61818182,ICP
16.99803922,ICP
17.68888889,ICP
19.94358974,ICP
23,ICP
24.95,ICP
22.69109589,ICP
22.91111111,ICP
19,ICP
37.09435897,ICP
12.37083333,ICP
29.38804348,ICP
9.441232227,ICP
30.27777778,ICP
7.361904762,ICP
29.74358974,ICP
30.14736842,ICP
24.58761062,ICP
32.26153846,ICP
32.67857143,ICP
31.8,ICP
30.23333333,ICP
9.57,ICP
29.22741935,ICP
7.75,ICP
7.195,ICP
30.99545455,ICP
15.85584416,ICP
27.53606557,ICP
35.33333333,ICP
31.42,ICP
28.29207921,ICP
32.93333333,ICP
8.467241379,ICP
35.11436464,ICP
5.5,ICP
21.1056042,ICP
25.85,ICP
23.63888889,ICP
22.60802168,ICP
NA,ICP
15.8462585,ICP
NA,ICP
NA,ICP
23.50329218,ICP
17.34835616,ICP
25.13888889,ICP
NA,ICP
20.84107143,ICP
32.79411765,ICP
32.0125,ICP
14.79716981,ICP
12.5,ICP
14,ICP
9.740601504,ICP
27.375,ICP
29.375,ICP
8.666666667,ICP
10.6875,ICP
29.4375,ICP
22.41463415,ICP
16.90625,ICP
23.56685289,ICP
9.346153846,ICP
8.625,ICP
7.87755102,ICP
18.58974359,ICP
32,ICP
30.29411765,ICP
9,ICP
26.53295455,ICP
6.952380952,ICP
39.64673913,ICP
4.25,ICP
32.375,ICP
10.95833333,ICP
6,ICP
7,ICP
11.75,ICP
14.94444444,ICP
6.535714286,ICP
14.75205479,ICP
17.14285714,ICP
22.83236994,ICP
12.70833333,ICP
9.2,ICP
7.3,ICP
15.05,ICP
11.91666667,ICP
6.333333333,ICP
19.88925,ICP
8.993506494,ICP
12.16666667,ICP
5,ICP
7.9,ICP
29.83333333,ICP
8.25,ICP
35.44791667,ICP
41.83333333,ICP
43.5,ICP
15.68478261,ICP
11.91666667,ICP
11.13095238,ICP
28.625,ICP
30.70918367,ICP
33.08333333,ICP
26,ICP
7.25,ICP
NA,ICP
NA,ICP
22.9,ICP
NA,ICP
NA,ICP
NA,ICP
NA,ICP
NA,ICP
23.55,ICP
NA,ICP
NA,ICP
30,ICP
25.15517241,ICP
34.03333333,ICP
30.057,ICP
26.84285714,ICP
22.41666667,ICP
NA,ICP
NA,ICP
NA,ICP
24.45652174,ICP
25,ICP
NA,ICP
NA,ICP
NA,ICP
18.41666667,ICP
NA,ICP
22.72222222,ICP
26.05,ICP
NA,ICP
NA,ICP
30.6375,ICP
27.754,ICP
19.25,ICP
26.03205128,ICP
NA,ICP
NA,ICP
21.76333333,ICP
22.36142857,ICP
NA,ICP
NA,ICP
NA,ICP
20.88333333,ICP
NA,ICP
26.71084337,ICP
NA,ICP
NA,ICP
19,ICP
22.31034483,ICP
27.74612546,ICP
24.77258065,ICP
13.70136054,ICP
12.73333333,ICP
32.20142857,ICP
28.05,ICP
11.775,ICP
24.25853659,ICP
23.76666667,ICP
25.95,ICP
29.03333333,ICP
22.2,ICP
17.05,ICP
29.05542169,ICP
29.75,ICP
33.60526316,ICP
NA,ICP
32.675,ICP
25,ICP
30.31709402,ICP
19.98333333,ICP
NA,ICP
NA,ICP
36.42015504,ICP
38.48333333,ICP
34.39855072,ICP
NA,ICP
NA,ICP
22.5,ICP
22,ICP
26.47931034,ICP
NA,ICP
21.31666667,ICP
25.375,ICP
NA,ICP
31.89583333,ICP
25,ICP
NA,ICP
21.25,ICP
NA,ICP
19.53571429,ICP
15.73333333,ICP
16.45,ICP
16.64333333,ICP
18.66888889,ICP
NA,ICP
21.00888889,ICP
NA,ICP
NA,ICP
26.815,ICP
NA,ICP
NA,ICP
NA,ICP
23.22413793,ICP
21.10606061,ICP
NA,ICP
22.63333333,ICP
23.85555556,ICP
16.98333333,ICP
NA,ICP
24.53333333,ICP
NA,ICP
NA,ICP
NA,ICP
NA,ICP
25.46666667,ICP
NA,ICP
16.36666667,ICP
NA,ICP
16.62068966,ICP
13,ICP
13.25,ICP
NA,ICP
17.42108434,ICP
28.01185771,ICP
23,ICP
NA,ICP
NA,ICP
22.24137931,ICP
32.99413408,ICP
26.5,ICP
27.88607595,ICP
NA,ICP
NA,ICP
NA,ICP
NA,ICP
NA,ICP
25.65,ICP
NA,ICP
28.02777778,ICP
17.5,ICP
NA,ICP
23.44642857,ICP
18,ICP
24.46666667,ICP
26.5,ICP
26.69285714,ICP
23.5,ICP
24.5,ICP
23.78571429,ICP
28.29230769,ICP
24.68529412,ICP
24.62176471,ICP
26.72745763,ICP
26.4078125,ICP
NA,ICP
NA,ICP
NA,ICP
20.45878788,ICP
17.46390625,ICP
19.69552239,ICP
23.96315789,ICP
NA,ICP
20.3,ICP
17.6,ICP
28.225,ICP
NA,ICP
29.47272727,ICP
24.55,ICP
NA,ICP
31.83529412,ICP
NA,ICP
28.312,ICP
38.7,ICP
22.425,ICP
24.22746479,ICP
26.3375,ICP
26.5,ICP
31.15,ICP
28.97727273,ICP
17.34229692,ICP
22.77842105,ICP
23.72263158,ICP
21.03071161,ICP
10.5,ICP
26.31906615,ICP
24,ICP
20.875,ICP
24.42159763,ICP
9,ICP
11.5,ICP
6,ICP
20.94108527,ICP
7.642857143,ICP
7.125,ICP
24.59852071,ICP
NA,ICP
NA,ICP
16.38313725,ICP
11.9,ICP
NA,ICP
18.3719697,ICP
10.33333333,ICP
14.55080645,ICP
17.61027714,ICP
28.7,ICP
18.24623016,ICP
29.14456476,ICP
29.9,ICP
31.56697674,ICP
34.06,ICP
34.85,ICP
32.75353982,ICP
33.94,ICP
19.6,ICP
29.6,ICP
13.16666667,ICP
NA,ICP
NA,ICP
NA,ICP
NA,ICP
23.88684211,ICP
21.5,ICP
NA,ICP
22.5,ICP
21.92592593,ICP
15.1875,ICP
13.775,ICP
23.69185751,ICP
16,ICP
19.72413793,ICP
22.00224719,ICP
NA,ICP
NA,ICP
19.20222222,ICP
NA,ICP
16.79,ICP
14.1,ICP
23.97816092,ICP
NA,ICP
21.25,ICP
NA,ICP
NA,ICP
21.25955056,ICP
NA,ICP
23,ICP
22.83333333,ICP
22.625,ICP
24.27111111,ICP
NA,ICP
NA,ICP
NA,ICP
NA,ICP
21.47786885,ICP
NA,ICP
17.15555556,ICP
21.25294118,ICP
30.1699115,ICP
30.40952381,ICP
NA,ICP
18.65,ICP
32.60484848,ICP
NA,ICP
NA,ICP
20.5,ICP
20.85714286,ICP
NA,ICP
20.28470588,ICP
NA,ICP
15.5,ICP
21.68390805,ICP
16.5,ICP
31.8631068,ICP
29.54375,ICP
25.94645161,ICP
28.11351351,ICP
26.99607843,ICP
32.76818182,ICP
23.96,ICP
27.39375,ICP
21.975,ICP
17.73888889,ICP
NA,ICP
17.4,ICP
NA,ICP
NA,ICP
NA,ICP
21.5,ICP
20.33333333,ICP
18.22111111,ICP
22.4,ICP
28.48571429,ICP
36.4,ICP
35.7535124,ICP
NA,ICP
NA,ICP
22.98888889,ICP
NA,ICP
NA,ICP
27.24395604,ICP
NA,ICP
24.4937037,ICP
NA,ICP
20.20689655,ICP
NA,ICP
22,ICP
NA,ICP
19.84777778,ICP
NA,ICP
23.5,ICP
20.74431818,ICP
18.5,ICP
18,ICP
19.7,ICP
12.42857143,ICP
NA,ICP
21.25384615,ICP
8.45,ICP
25.7045977,ICP
6.008275862,ICP
7.6,ICP
6.185714286,ICP
22.5375,ICP
23.9009828,ICP
21.50833333,ICP
22.1,ICP
20.975,ICP
18.7031746,ICP
11.625,ICP
18.06666667,ICP
24.79818182,ICP
26.025,ICP
NA,ICP
NA,ICP
NA,ICP
NA,ICP
NA,ICP
NA,ICP
NA,ICP
21.67428571,ICP
18.9125,ICP
15.60555556,ICP
20.16242775,ICP
8.25,ICP
7.409836066,ICP
16.725,ICP
16.0192,ICP
12.96690647,ICP
7.851190476,ICP
17.65,ICP
8.933333333,ICP
16.53730159,ICP
8.895833333,ICP
10.93333333,ICP
22.7,ICP
22.68,ICP
NA,ICP
NA,ICP
NA,ICP
22.88275862,ICP
9,ICP
26.0627907,ICP
21.65222222,ICP
26.78125,ICP
NA,ICP
24.5,ICP
NA,ICP
24.46,ICP
22.02631579,ICP
15,ICP
10.98387097,ICP
9.524096386,ICP
24.34213483,ICP
17.25,ICP
19.99705882,ICP
19.4,ICP
23.65,ICP
14.7845092,ICP
28.74314928,ICP
24.5,ICP
22.25,ICP
21.40900621,ICP
15.4,ICP
29.79433962,ICP
16.47216495,ICP
16.55555556,ICP
20.35256798,ICP
10.44545455,ICP
7.55,ICP
NA,ICP
23.94333333,ICP
17.5,ICP
17.75862069,ICP
23.72444444,ICP
18.32008734,ICP
18.52777778,ICP
NA,ICP
15.7,ICP
20.06966292,ICP
NA,ICP
20.31111111,ICP
NA,ICP
NA,ICP
24.86923077,ICP
9.503448276,ICP
NA,ICP
21.07888889,ICP
13.9,ICP
23.9,ICP
23.83546798,ICP
6.9,ICP
19.33555556,ICP
20.16071429,ICP
NA,ICP
20.01538462,ICP
18.78649533,ICP
8.489622642,ICP
8.15,ICP
NA,ICP
NA,ICP
21.55777778,ICP
NA,ICP
NA,ICP
NA,ICP
NA,ICP
24.5,ICP
NA,ICP
27,ICP
36.4,ICP
NA,ICP
25.625,ICP
NA,ICP
NA,ICP
28.72162162,ICP
NA,ICP
20.34385965,ICP
20.97234043,ICP
17.00337079,ICP
18.6,ICP
7.4,ICP
13.892,ICP
9.4,ICP
19.04347826,ICP
NA,ICP
16.46236559,ICP
NA,ICP
7.8,ICP
18.9,ICP
23.69857143,ICP
NA,ICP
6.625,ICP
18.98684211,ICP
20.68731707,ICP
NA,ICP
18.36,ICP
14.7,ICP
8.466666667,ICP
7.2,ICP
19.72121212,ICP
6.222222222,ICP
5.764,ICP
6.1,ICP
5.8,ICP
24.82234043,ICP
5.64,ICP
5.985714286,ICP
5.9,ICP
23.34213198,ICP
5.566666667,ICP
7.163636364,ICP
7.05,ICP
NA,ICP
7.614285714,ICP
26.06647727,ICP
6.771794872,ICP
7.375,ICP
26.9,ICP
28.56976744,ICP
6.611111111,ICP
22.5130597,ICP
22.86732394,ICP
30.48448276,ICP
17.16290323,ICP
19.4410596,ICP
22.37626527,ICP
6.25,ICP
16.41322957,ICP
NA,ICP
9.116666667,ICP
NA,ICP
NA,ICP
16.55,ICP
21.7,ICP
NA,ICP
NA,ICP
NA,ICP
NA,ICP
NA,ICP
18.76,ICP
NA,ICP
15.58285714,ICP
NA,ICP
NA,ICP
NA,ICP
24.5,ICP
19,ICP
23.28295455,ICP
NA,ICP
NA,ICP
28,ICP
23.37931034,ICP
NA,ICP
24.03888889,ICP
18.03555556,ICP
NA,ICP
NA,ICP
28.67222222,ICP
NA,ICP
NA,ICP
NA,ICP
NA,ICP
NA,ICP
21.16777778,ICP
NA,ICP
NA,ICP
NA,ICP
24.87594937,ICP
29,ICP
NA,ICP
22.68333333,ICP
23.14666667,ICP
13,ICP
14.06989247,ICP
7.5,ICP
21,ICP
NA,ICP
23,ICP
20.19444444,ICP
NA,ICP
25.04266667,ICP
NA,ICP
NA,ICP
24.33333333,ICP
13.875,ICP
22.35483871,ICP
26.67647059,ICP
31,ICP
NA,ICP
21.33333333,ICP
12.4,ICP
13.1,ICP
9.215789474,ICP
8,ICP
8.566666667,ICP
8.9,ICP
26.07182045,ICP
NA,ICP
12.81666667,ICP
NA,ICP
24.875,ICP
25.40384615,ICP
NA,ICP
NA,ICP
12.16666667,ICP
24.02888889,ICP
NA,ICP
NA,ICP
NA,ICP
20.5,ICP
NA,ICP
NA,ICP
21.80555556,ICP
19.86666667,ICP
NA,ICP
NA,ICP
26.51222222,ICP
NA,ICP
NA,ICP
29.5,ICP
NA,ICP
27.05555556,ICP
31.5,ICP
NA,ICP
NA,ICP
NA,ICP
17.21888889,ICP
16.2,ICP
19.15,ICP
NA,ICP
19.75,ICP
21.24555556,ICP
22.71666667,ICP
12.55909091,ICP
6.971428571,ICP
4.2,ICP
10.54285714,ICP
25.66333333,ICP
26.48981481,ICP
8.423076923,ICP
NA,ICP
NA,ICP
21.08,ICP
23.85666667,ICP
NA,ICP
17.08333333,ICP
NA,ICP
18.05116279,ICP
6.533333333,ICP
6.2,ICP
25.03137255,ICP
5.35,ICP
6.74,ICP
3.9,ICP
11.64285714,ICP
10.16759259,ICP
14.74444444,ICP
27.44299517,ICP
7.8,ICP
7.440909091,ICP
8.525,ICP
22.93478261,ICP
21.85,ICP
22.55493827,ICP
29.68,ICP
8.9,ICP
10.7,ICP
20.03478261,ICP
31.3,ICP
27.98139535,ICP
24.35,ICP
26.4,ICP
22.33766234,ICP
26.2,ICP
NA,ICP
24.39545455,ICP
18.5,ICP
17.332,ICP
29,ICP
19.63103448,ICP
31.98333333,ICP
23.31176471,ICP
15.26862745,ICP
19.85,ICP
NA,ICP
9.75,ICP
7.4,ICP
28.13030303,ICP
NA,ICP
NA,ICP
NA,ICP
NA,ICP
34.01028278,ICP
NA,ICP
22.15,ICP
NA,ICP
29.35172414,ICP
15.2,ICP
19.93666667,ICP
18,ICP
NA,ICP
NA,ICP
17.59473684,ICP
26.4,ICP
26.43264463,ICP
24.5,ICP
27.4962963,ICP
24.47142857,ICP
26.47954545,ICP
NA,ICP
NA,ICP
21.38333333,ICP
NA,ICP
24.82333333,ICP
NA,ICP
19.89222222,ICP
24.5,ICP
26.87931034,ICP
NA,ICP
8.15,ICP
NA,ICP
28.2,ICP
5.65,ICP
25.9,ICP
5.3,ICP
26.11298246,ICP
29.4,ICP
6.4,ICP
NA,ICP
NA,ICP
NA,ICP
NA,ICP
25.877,ICP
NA,ICP
NA,ICP
18.60625,ICP
NA,ICP
20.20666667,ICP
NA,ICP
NA,ICP
18.215,ICP
9.9,ICP
NA,ICP
NA,ICP
NA,ICP
NA,ICP
NA,ICP
14.76,ICP
19.56969697,ICP
NA,ICP
NA,ICP
NA,ICP
22.78928571,ICP
NA,ICP
NA,ICP
27.22195122,ICP
NA,ICP
NA,ICP
NA,ICP
21.81714286,ICP
33.01538462,ICP
25.45,ICP
NA,ICP
NA,ICP
NA,ICP
15.578125,ICP
NA,ICP
23.33421053,ICP
13.02857143,ICP
20.52,ICP
17,ICP
24.1,ICP
16.43703704,ICP
14.96428571,ICP
17.95,ICP
14.9,ICP
NA,ICP
NA,ICP
NA,ICP
NA,ICP
31.25517241,ICP
20.88867925,ICP
NA,ICP
NA,ICP
24.77696629,ICP
16.24954128,ICP
NA,ICP
NA,ICP
NA,ICP
NA,ICP
17.088,ICP
NA,ICP
NA,ICP
NA,ICP
18.35,ICP
NA,ICP
NA,ICP
20.04153846,ICP
11.10416667,ICP
22.61666667,ICP
18.67777778,ICP
NA,ICP
17.875,ICP
NA,ICP
14.91666667,ICP
NA,ICP
NA,ICP
NA,ICP
28.96363636,ICP
17.38636364,ICP
17.775,ICP
NA,ICP
20.425,ICP
22.59090909,ICP
NA,ICP
NA,ICP
NA,ICP
20.875,ICP
NA,ICP
NA,ICP
22.025,ICP
NA,ICP
18.78947368,ICP
19.5,ICP
19.225,ICP
NA,ICP
NA,ICP
22.53846154,ICP
NA,ICP
10.1,ICP
14.35555556,ICP
19.36363636,ICP
26.515,ICP
NA,ICP
NA,ICP
NA,ICP
23.55,ICP
22.6,ICP
14.38571429,ICP
22.50431034,ICP
20.77777778,ICP
26.375,ICP
10.72727273,ICP
19.93181818,ICP
23.1875,ICP
21.72727273,ICP
21.82692308,ICP
21.75,ICP
NA,ICP
18.32352941,ICP
24.15,ICP
NA,ICP
16.25,ICP
19.125,ICP
21.95833333,ICP
18.375,ICP
8.75,ICP
21.6,ICP
NA,ICP
13.75,ICP
20.22727273,ICP
NA,ICP
19.34090909,ICP
16,ICP
18.91666667,ICP
17.25,ICP
NA,ICP
NA,ICP
16.75,ICP
25.375,ICP
NA,ICP
19.828125,ICP
27.28125,ICP
17.48170732,ICP
18.59375,ICP
NA,ICP
NA,ICP
16.775,ICP
15.3,ICP
6.8,ICP
17.8,ICP
22.76666667,ICP
19.76376307,ICP
17.85507246,ICP
17.36995516,ICP
17.36666667,ICP
21.85408163,ICP
NA,ICP
24.87078189,ICP
24.75238095,ICP
25.2,ICP
20.84285714,ICP
25.4,ICP
26.28888889,ICP
NA,ICP
22.57272727,ICP
NA,ICP
18.95,ICP
NA,ICP
23.16842105,ICP
25.675,ICP
NA,ICP
NA,ICP
15.875,ICP
NA,ICP
NA,ICP
22.18181818,ICP
NA,ICP
19.825,ICP
NA,ICP
25.69,ICP
NA,ICP
22.975,ICP
NA,ICP
NA,ICP
19.90625,ICP
22.375,ICP
16.69642857,ICP
21.925,ICP
NA,ICP
18.25,ICP
21.65,ICP
NA,ICP
23.38888889,ICP
23.75,ICP
NA,ICP
20.625,ICP
NA,ICP
NA,ICP
22.18181818,ICP
13.56578581,ICP
19.06875,ICP
17.90820046,ICP
6.3,ICP
13.3017094,ICP
19.13333333,ICP
NA,ICP
18.90418006,ICP
20.29166667,ICP
19.75289256,ICP
16.6,ICP
15.7,ICP
19.63971631,ICP
19.7,ICP
20.75,ICP
17.55,ICP
23.9125,ICP
25.75,ICP
25.2826087,ICP
25.4375,ICP
9.428571429,ICP
9.68,ICP
NA,ICP
23.5,ICP
NA,ICP
NA,ICP
NA,ICP
20.35416667,ICP
NA,ICP
16.47727273,ICP
NA,ICP
NA,ICP
16.31818182,ICP
NA,ICP
NA,ICP
18.2,ICP
20.6,ICP
23.63333333,ICP
27.75,ICP
NA,ICP
18.975,ICP
NA,ICP
17.95454545,ICP
NA,ICP
22,ICP
22.39285714,ICP
NA,ICP
NA,ICP
7.872727273,ICP
18.69928058,ICP
20.3,ICP
20.7,ICP
12.50526316,ICP
18.79090909,ICP
20.52954545,ICP
21.47875211,ICP
21.48285714,ICP
21.57,ICP
5.016666667,ICP
20.89579968,ICP
15.14806452,ICP
21.81923077,ICP
20.27003058,ICP
16.2,ICP
19.01674208,ICP
22.41629213,ICP
23.37317073,ICP
9.1,ICP
5.4,ICP
14.99621993,ICP
21.83157895,ICP
20.21628664,ICP
NA,ICP
NA,ICP
17.18055556,ICP
18.90909091,ICP
NA,ICP
20.575,ICP
NA,ICP
18.63636364,ICP
NA,ICP
14.82352941,ICP
18.16666667,ICP
16.875,ICP
18.52272727,ICP
16.70833333,ICP
21.25,ICP
22.09090909,ICP
22.70512821,ICP
24,ICP
18.2254902,ICP
8.535714286,ICP
23.59090909,ICP
NA,ICP
NA,ICP
19.85,ICP
NA,ICP
19.59375,ICP
21.125,ICP
NA,ICP
22.75,ICP
20.73529412,ICP
14.95044092,ICP
24.58047337,ICP
14.02176871,ICP
19.3,ICP
7.7,ICP
5.15,ICP
22.31034483,ICP
22.01025641,ICP
11.85,ICP
20.45165017,ICP
18.17,ICP
22.16197339,ICP
27.01984733,ICP
26.79401709,ICP
7.58,ICP
7.061538462,ICP
20.76973545,ICP
28.48571429,ICP
11.8,ICP
10.19266862,ICP
13.85,ICP
11.07592593,ICP
19.23176895,ICP
NA,ICP
13.6875,ICP
NA,ICP
17.725,ICP
18.17333333,ICP
NA,ICP
15.96666667,ICP
18.34210526,ICP
NA,ICP
17.225,ICP
NA,ICP
NA,ICP
10.45,ICP
9.557894737,ICP
6.9,ICP
12.15,ICP
14.76448864,ICP
17.7375,ICP
25.4592437,ICP
18.525,ICP
11.38636364,ICP
12.125,ICP
20.06666667,ICP
13.23278689,ICP
16.24183007,ICP
6.68,ICP
22.05941828,ICP
10.75,ICP
13.8,ICP
19.56523605,ICP
10.8,ICP
NA,ICP
14.73684211,ICP
NA,ICP
NA,ICP
13.73076923,ICP
11.36818182,ICP
14.72727273,ICP
NA,ICP
12.3875,ICP
16.9,ICP
14.34274194,ICP
8.816666667,ICP
8.770544919,ICP
4.5,ICP
8.905928237,ICP
20.60416667,ICP
14.47058824,ICP
17.75,ICP
NA,ICP
NA,ICP
13.985,ICP
10.16666667,ICP
19.85714286,ICP
NA,ICP
11.95454545,ICP
12.8,ICP
13.75223881,ICP
12.72727273,ICP
NA,ICP
NA,ICP
13.72916667,ICP
17.2,ICP
18.21052632,ICP
25.425,ICP
24.5,ICP
11.91666667,ICP
9.825,ICP
10.38475992,ICP
13.35,ICP
12.11980542,ICP
12.424,ICP
8.3,ICP
11.26484018,ICP
18.8,ICP
16.05,ICP
11.54,ICP
14,ICP
10.75,ICP
14.59813665,ICP
14.14234234,ICP
4.8,ICP
9.139754816,ICP
17.4040404,ICP
14.51904762,ICP
9.2,ICP
10.52361963,ICP
16.13802817,ICP
11.55060241,ICP
17.4,ICP
12.25714286,ICP
13.5,ICP
10.45,ICP
14.75,ICP
15.625,ICP
15.5,ICP
14.88235294,ICP
8.2,ICP
10.325,ICP
8.307344633,ICP
7.1,ICP
7.1,ICP
8.493480345,ICP
11.74060403,ICP
NA,ICP
14.75,ICP
NA,ICP
NA,ICP
14.10508475,ICP
5.4375,ICP
10.03141994,ICP
8.335294118,ICP
9.835211268,ICP
5.006521739,ICP
10.17670683,ICP
